{"labels": [13, 2, 2, 2, 2, 2, 2, 2, 2, 2, 2, 2, 13, 2, 2, 13, 2, 2, 2, 2, 2, 2, 2, 2, 2, 2, 7, 2, 2, 2], "scores": [0.9969678521156311, 0.9960362315177917, 0.9946843981742859, 0.9896774291992188, 0.9792302250862122, 0.9744933247566223, 0.973463237285614, 0.9666606783866882, 0.9534217715263367, 0.951368510723114, 0.9451492428779602, 0.9094216227531433, 0.9007513523101807, 0.8895173072814941, 0.8886171579360962, 0.8457197546958923, 0.7379806637763977, 0.709089994430542, 0.5817490220069885, 0.3425268530845642, 0.2785651981830597, 0.27620089054107666, 0.24459441006183624, 0.19706106185913086, 0.15551136434078217, 0.1528262346982956, 0.10912387818098068, 0.0965055450797081, 0.0963294729590416, 0.05286889895796776], "bboxes": [[222.13790893554688, 177.8206024169922, 457.65411376953125, 383.37249755859375], [296.3229064941406, 116.29518127441406, 377.8132629394531, 150.49066162109375], [481.1168212890625, 110.97701263427734, 522.6875, 129.68421936035156], [191.51724243164062, 109.86557006835938, 300.65740966796875, 155.82220458984375], [555.9043579101562, 110.51209259033203, 593.3450317382812, 127.8979721069336], [168.27151489257812, 108.9852066040039, 205.86631774902344, 139.92974853515625], [610.554931640625, 112.69810485839844, 634.8928833007812, 136.5069580078125], [432.18475341796875, 105.31832122802734, 484.4530334472656, 131.75064086914062], [0.0, 112.13370513916016, 61.941287994384766, 147.31155395507812], [376.838134765625, 110.40369415283203, 433.2853698730469, 133.8829803466797], [268.4997253417969, 105.49880981445312, 324.54473876953125, 127.66063690185547], [61.04015350341797, 94.09552001953125, 87.47486877441406, 106.61178588867188], [373.5617370605469, 134.5573272705078, 432.6644592285156, 188.53529357910156], [139.13760375976562, 96.5569839477539, 166.32546997070312, 105.99150848388672], [591.6170654296875, 110.69356536865234, 621.01953125, 126.63386535644531], [51.210411071777344, 110.23221588134766, 70.97348022460938, 120.59297180175781], [99.3353042602539, 90.35502624511719, 118.84838104248047, 101.42176818847656], [83.07843017578125, 89.6298599243164, 99.7746353149414, 98.10179138183594], [222.8840789794922, 98.43938446044922, 251.04513549804688, 109.42495727539062], [612.3256225585938, 102.27337646484375, 635.3685913085938, 112.7064437866211], [168.68109130859375, 96.97063446044922, 183.61428833007812, 105.57083129882812], [136.1309814453125, 92.84432220458984, 159.5153350830078, 104.4235610961914], [67.5124282836914, 89.14785766601562, 83.67728424072266, 97.97295379638672], [555.1895751953125, 115.31822967529297, 562.4722290039062, 127.50128173828125], [222.07742309570312, 97.96875, 239.80101013183594, 106.94957733154297], [134.46632385253906, 90.79285430908203, 150.5878143310547, 102.08592987060547], [0.0, 111.02593994140625, 62.7874755859375, 146.3962860107422], [0.1666170358657837, 111.66651153564453, 14.567389488220215, 122.84778594970703], [200.7409210205078, 92.52136993408203, 222.28846740722656, 107.47303009033203], [222.76023864746094, 92.89630126953125, 252.90194702148438, 105.62689208984375]], "masks": [{"size": [427, 640], "counts": "kWm29Q=4L3QEFh8<SGHm8:oFHQ99kFJU99cFL]9Q20000O100000O1N1N3K4K6K4N3O0O1N3L4H7I8M201O10O2N2N1N3N1O;E9G4L4K7I6J5K4M2N1O2O0O001O00kN^FcNa9]1dF^N\\9b1jFUNY9k1T10O100O1O1O100O001O2N1O1O1O1O1O1O100O1O100O1O1O2N100O1O100O100O100O100O2N1O1O1O10000O2O0O100O2N1O2N100O101O00000O10001O000O1000000O10001N1O100O100O100000001N10000000000000001O0000001O0000001O000000001O000001O000001O01O00001O1O1O010O00001O0001O01O00010O001001O1TH_Lk5b3^IUM`6P3SI[Mk6o2aH[M_7Y4O01O0O2M4L3L4L4L3N3N1N3M4L3I7F9I8L4N12O3M6K;E000O0000O2O0O2N3N1N2N100N2O2L3M4jMnGlNW8d0`2J6L4L4M3M3LYR\\2"}, {"size": [427, 640], "counts": "gak33V=5M2RCK`<c0M3M1O2N1O100O10O1O1O1O10000000000000000001O000000001O001O00001O0000000000O10000O1000001O000O100000001O000O101O1O002N001O1O1O100O0010O01O001O00001N101O1N1O3LlS]3"}, {"size": [427, 640], "counts": "^SY68Q=3N001O100O1O1O01001N100000001O001O00O10000O100O100000000000001000O01O1O001O0N4Lce`1"}, {"size": [427, 640], "counts": "oU`2`0j<2M3N2M3N2N2N2N2N2N2N2N2N100O10000000O010O1O1O10000O10000000000001O001O001O001O000000000000000000O100O100O1O100O2O01O0000001O000001O00001N2O001O0O2O1O001O1O1O001O1O1O0010O01O0010O000000010O00O101O00000O1O2O1N4I6JTR^4"}, {"size": [427, 640], "counts": "knW75U=3N1N1000NPh33nWL4M1O000000O10000O10000000000010O10O1O1O1Nb_c0"}, {"size": [427, 640], "counts": "jUV21T=:J3N101N2N2O001N10000O10O10O01O01O100O100O01O1I6O2N2N101O1O1N2O1O100O1O2Nhkd5"}, {"size": [427, 640], "counts": "Pmn77S=1O2N1O1O100O1O1O2N1O100O1O1O10000O1000O1L4H8NXo1"}, {"size": [427, 640], "counts": "\\Xd55P=8M1O1O1O001O1O001O100O100O2O000000001N101O000000O100O1O1000000O1000000000000001O001O1O0001O1O1N3M2J7HXnP2"}, {"size": [427, 640], "counts": "a3m0]<2O00000001O0000O100001O001O8H2N1Mgj04WUO1O0000000nZ8LReG6L2O0100O2N1O1O101N10001N2N3Mjl`7"}, {"size": [427, 640], "counts": "]Zm4:Q=0O2O00O2MXe6;_ZI2M10000000000000O1O1O10000001O0000O2O00000010O010O0100N101O0O2N3L_Vf2"}, {"size": [427, 640], "counts": "SY`33X=0O2O1N1O2N2N101N1O2N100O2O00000000000O2O000000000000O1O1O1O1O1O1O1O1O100O10000000000O100000001O00001O1O1O1OUeS4"}, {"size": [427, 640], "counts": "Uai02W=3M2N2O100O100000000001O000010O01O001O1O001O001N3Mm_V7"}, {"size": [427, 640], "counts": "aSl44W=3M;E1O1O000O2O001N100O2N101N101N1O1O2N1O1O2N1O1O1O100O1O10000O1O2N101O0O100000O1O1O1O1O1O1O1001O1O1O10O101N2N3ZOWDDm;Oecf2"}, {"size": [427, 640], "counts": "oQj12W=3O000ej0O[UO3N000O10000000000000000001O00001O001N2OiaU6"}, {"size": [427, 640], "counts": "Vof72W=6K1O1O1O100O2O001O000000000000O100000000O1N3N2M201Nfd8"}, {"size": [427, 640], "counts": "hVf03W=1O2O001O1O1OO1O1O1001O0012N1Mfo]7"}, {"size": [427, 640], "counts": "n[Y13V=6L1O0000O0101O000001O0O1000001O002N1OTUi6"}, {"size": [427, 640], "counts": "^fR13W=2O0O1O101O00000000000001O1O1NS`Q7"}, {"size": [427, 640], "counts": "kRm24V=2N10000O2O00000000000000000000O10010O001O001O001O1Oj`R5"}, {"size": [427, 640], "counts": "Qgo74V=101N101O0O10000000O010000000O10001N100O2N`o1"}, {"size": [427, 640], "counts": "XbV23W=2O000MLnB5T=00000O10000000000Q_n5"}, {"size": [427, 640], "counts": "SWi11Z=0hB3R=4O0MIRC7Q=0fj0L[UO4ONnBKR=4nBMR=0nB3U=003M00I;0L00000blX6"}, {"size": [427, 640], "counts": "W^l03W=1O1000001O000010O01O010O01NdUX7"}, {"size": [427, 640], "counts": "`aW74V=3N1N2O0O1O1W]P1"}, {"size": [427, 640], "counts": "ael23V=2O101O000O0100001N100000000001OhSW5"}, {"size": [427, 640], "counts": "Z\\h18R=1O2O00O1O101NQX10QhNO0O2OaW\\6"}, {"size": [427, 640], "counts": "a3n0\\<2O0000000000000000000001O1O8H2M3Mej04XUO1O0O11O003Kcm7N[RH:K1O10O1O2N1O1O101N10001N2N4Lil`7"}, {"size": [427, 640], "counts": "`3;P=000000O10000000000000001MgmT8"}, {"size": [427, 640], "counts": "Umc25S=5M2O000O0100001O0000000001O0000001N3M3KfV^5"}, {"size": [427, 640], "counts": "kRm23W=2N1L4O100O10000O10000001O000O1IQCO1Nn<:01O0001O0JQC0o<OSC0m<0SC0m<OTC1l<OTC0m<0SCNM0P=3cfQ5"}]}